"","model1_ASC","model1_DES","model2_ASC","model2_DES","model3_ASC","model3_DES","model4_ASC","model4_DES"
"d__Bacteria--p__Firmicutes",0.563936201440798,0.347786779617876,0.222419990334034,0.160466862631238,0.862244097508795,0.602752261329905,0.862376425792455,0.51416468121705
"d__Bacteria--p__Firmicutes--c__Clostridia",0.60818596626567,0.484870627815724,0.216388438072597,0.204810039680795,0.595783559836699,0.530136942337796,0.608452888878647,0.43716440802494
"d__Bacteria--p__Firmicutes--c__Clostridia--o__Clostridiales",0.608299389894853,0.483862786642124,0.216446243111131,0.204285154667632,0.595775808878599,0.529388411430029,0.608545461415062,0.436573012508992
"d__Bacteria--p__Firmicutes--c__Clostridia--o__Clostridiales--f__Lachnospiraceae",0.103142951181564,0.209835832191077,0.0245062173294002,0.0787676113524017,0.155717678243323,0.208951766978032,0.205288147849653,0.193992306968609
"d__Bacteria--p__Bacteroidetes",0.460172548157281,0.617757623061812,0.337988730290705,0.461196743435034,0.54158809822486,0.739949349817926,0.593241751636369,0.676924286166382
"d__Bacteria--p__Bacteroidetes--c__Bacteroidia",0.459386066847627,0.61755751293594,0.337383580045336,0.461035684974112,0.540613422570795,0.739691718713443,0.592306019282817,0.676719314151496
"d__Bacteria--p__Bacteroidetes--c__Bacteroidia--o__Bacteroidales",0.497925903641904,0.622296553932607,0.370641656949861,0.465344527226426,0.585508196584544,0.745181722944529,0.627438158324356,0.679630624173506
"d__Bacteria--p__Bacteroidetes--c__Bacteroidia--o__Bacteroidales--f__Bacteroidaceae",0.852208896395832,0.533094112995825,0.89146456253609,0.764072822516362,0.803168415857675,0.467365141445107,0.753339320570967,0.586990480196222
"d__Bacteria--p__Bacteroidetes--c__Bacteroidia--o__Bacteroidales--f__Bacteroidaceae--g__Bacteroides",0.852208896395832,0.533094112995825,0.89146456253609,0.764072822516362,0.803168415857675,0.467365141445107,0.753339320570967,0.586990480196222
"d__Bacteria--p__Firmicutes--c__Clostridia--o__Clostridiales--f__Lachnospiraceae--__",0.311500267388953,0.702957660212229,0.116165771060897,0.399013100553347,0.286140283592906,0.563783802842254,0.410407718557128,0.477450132044636
"d__Bacteria--p__Firmicutes--c__Clostridia--o__Clostridiales--f__Lachnospiraceae--__--__",0.311500267388953,0.702957660212229,0.116165771060897,0.399013100553347,0.286140283592906,0.563783802842254,0.410407718557128,0.477450132044636
"d__Bacteria--p__Bacteroidetes--c__Bacteroidia--o__Bacteroidales--f__Bacteroidaceae--g__Bacteroides--__",0.730107282267558,0.426893823348246,0.969055164160752,0.630813412634592,0.642212731072081,0.33754243123222,0.599820715497495,0.444727646282742
"d__Bacteria--p__Proteobacteria",0.00408242393869121,0.00355081975121262,0.00125380709650261,0.00178898964931999,0.00696385392065698,0.018438743061072,0.00457073224189476,0.0151415889665096
"d__Bacteria--p__Proteobacteria--c__Gammaproteobacteria",0.00362541744075002,0.0028541185382484,0.00115024100992223,0.001378447524877,0.00664677926138428,0.014686749027795,0.00420365373119163,0.0125477000647066
"d__Bacteria--p__Proteobacteria--c__Gammaproteobacteria--o__Enterobacteriales",0.00908438790487821,0.0144164905863921,0.00279108456277505,0.00587573664817126,0.014438020437885,0.0444100692189405,0.00842739287861476,0.03950279014466
"d__Bacteria--p__Proteobacteria--c__Gammaproteobacteria--o__Enterobacteriales--f__Enterobacteriaceae",0.00908438790487821,0.0144164905863921,0.00279108456277505,0.00587573664817126,0.014438020437885,0.0444100692189405,0.00842739287861476,0.03950279014466
"d__Bacteria--p__Firmicutes--c__Clostridia--o__Clostridiales--f__Ruminococcaceae",0.149403364222488,0.425658803824467,0.271068429341452,0.61930971110208,0.150927750805827,0.294147925096138,0.327239216070629,0.499927569045652
"d__Bacteria--p__Proteobacteria--c__Gammaproteobacteria--o__Enterobacteriales--f__Enterobacteriaceae--g__Escherichia-Shigella",0.0367404307498513,0.0472784904605078,0.0108872746058188,0.0176816319447123,0.0282589329458728,0.0648703823231482,0.0195449517859101,0.0621133673833836
"d__Bacteria--p__Proteobacteria--c__Gammaproteobacteria--o__Enterobacteriales--f__Enterobacteriaceae--g__Escherichia-Shigella--__",0.0367404307498513,0.0472784904605078,0.0108872746058188,0.0176816319447123,0.0282589329458728,0.0648703823231482,0.0195449517859101,0.0621133673833836
"d__Bacteria--p__Firmicutes--c__Clostridia--o__Clostridiales--f__Ruminococcaceae--g__Faecalibacterium",0.0399599008984446,0.088634059512453,0.0806081360800943,0.142709169160001,0.0272237446365999,0.0319546631268224,0.0846618747300224,0.0715648918267916
"d__Bacteria--p__Firmicutes--c__Clostridia--o__Clostridiales--f__Ruminococcaceae--g__Faecalibacterium--__",0.0399691420647662,0.088634059512453,0.0806262291156172,0.142709169160001,0.0272281891429633,0.0319546631268224,0.0846728166699565,0.0715648918267916
"d__Bacteria--p__Firmicutes--c__Negativicutes",0.750623287977355,0.697464512881853,0.862261917048468,0.748225911550573,0.375494951813518,0.503379079175093,0.323889289273644,0.44941733605053
"d__Bacteria--p__Firmicutes--c__Negativicutes--o__Selenomonadales",0.750623287977355,0.697464512881853,0.862261917048468,0.748225911550573,0.375494951813518,0.503379079175093,0.323889289273644,0.44941733605053
"d__Bacteria--p__Actinobacteria",0.0298515304409718,0.00447464259357662,0.0214397288371279,0.00267292863699854,0.0534068225900375,0.0186500734328957,0.0940093422521496,0.0322008450255696
"d__Bacteria--p__Firmicutes--c__Negativicutes--o__Selenomonadales--f__Veillonellaceae",0.866234415136517,0.997366043928624,0.94489814059593,0.863736175894845,0.37642181698885,0.372233740622404,0.284223389592936,0.315155195481808
"d__Bacteria--p__Bacteroidetes--c__Bacteroidia--o__Bacteroidales--f__Prevotellaceae",0.0276716345189498,0.00950327767832138,0.0406239596810044,0.0122169379944985,0.0408293418643384,0.0147869397252083,0.0766310749120817,0.0364922258468489
"d__Bacteria--p__Actinobacteria--c__Coriobacteriia",0.00566828985588139,0.00130297749899773,0.00497820751807545,0.000703938269778107,0.0162559060007527,0.00395694708996223,0.0300980188923595,0.00838662891905263
"d__Bacteria--p__Actinobacteria--c__Coriobacteriia--o__Coriobacteriales",0.00566828985588139,0.00130297749899773,0.00497820751807545,0.000703938269778107,0.0162559060007527,0.00395694708996223,0.0300980188923595,0.00838662891905263
"d__Bacteria--p__Firmicutes--c__Clostridia--o__Clostridiales--f__Lachnospiraceae--g__Blautia",0.0566461361792958,0.0192176224623262,0.0337645585221518,0.00838453159434609,0.254460816470965,0.116310060273462,0.322630643841976,0.167740020118657
"d__Bacteria--p__Firmicutes--c__Clostridia--o__Clostridiales--f__Lachnospiraceae--g__Blautia--__",0.0566461361792958,0.0192176224623262,0.0337645585221518,0.00838453159434609,0.254460816470965,0.116310060273462,0.322630643841976,0.167740020118657
"d__Bacteria--p__Firmicutes--c__Bacilli",0.115332090985375,0.23303787769558,0.170251083772354,0.249844888148455,0.118359334518597,0.415744912515214,0.130519509892584,0.399695910859026
"d__Bacteria--p__Firmicutes--c__Erysipelotrichia",0.130809801071339,0.0561658558491153,0.188186089502026,0.0858800608919058,0.502906512327604,0.25943278407982,0.379502931716671,0.232802344991218
"d__Bacteria--p__Firmicutes--c__Erysipelotrichia--o__Erysipelotrichales",0.130809801071339,0.0561658558491153,0.188186089502026,0.0858800608919058,0.502906512327604,0.25943278407982,0.379502931716671,0.232802344991218
"d__Bacteria--p__Firmicutes--c__Erysipelotrichia--o__Erysipelotrichales--f__Erysipelotrichaceae",0.130809801071339,0.0561658558491153,0.188186089502026,0.0858800608919058,0.502906512327604,0.25943278407982,0.379502931716671,0.232802344991218
"d__Bacteria--p__Actinobacteria--c__Coriobacteriia--o__Coriobacteriales--f__Coriobacteriaceae",0.0122017914107161,0.00222626473086702,0.010707937962947,0.00118256111857623,0.0324624182486973,0.00785944948098812,0.0528890602752251,0.0162851356766138
"d__Bacteria--p__Actinobacteria--c__Coriobacteriia--o__Coriobacteriales--f__Coriobacteriaceae--g__Collinsella",0.0131794595963121,0.00235292117265978,0.0114731967668575,0.00125637942637935,0.0340841692527429,0.00826558580165943,0.0556853898145625,0.0171751466752367
"d__Bacteria--p__Actinobacteria--c__Coriobacteriia--o__Coriobacteriales--f__Coriobacteriaceae--g__Collinsella--__",0.0131794595963121,0.00235292117265978,0.0114731967668575,0.00125637942637935,0.0340841692527429,0.00826558580165943,0.0556853898145625,0.0171751466752367
"d__Bacteria--p__Firmicutes--c__Bacilli--o__Lactobacillales",0.106554645838773,0.00368907735836871,0.165142186395086,0.00521991806678125,0.0901050440743782,0.00468138916186234,0.088243910632761,0.0112775715423795
"d__Bacteria--p__Proteobacteria--c__Gammaproteobacteria--o__Betaproteobacteriales",0.00151807494669191,2.75265472755455e-05,0.00218950382760195,5.40623657972748e-05,0.000991590997446676,4.75575266491512e-05,0.000965839100430473,3.56295757673134e-05
"d__Bacteria--p__Proteobacteria--c__Gammaproteobacteria--o__Betaproteobacteriales--f__Burkholderiaceae",0.0034901995601462,0.000151222576162148,0.00437934499752832,0.000234036349499408,0.00165670652071026,0.000224532420714866,0.00147560492424922,0.000169475607332459
"d__Bacteria--p__Proteobacteria--c__Gammaproteobacteria--o__Enterobacteriales--f__Enterobacteriaceae--__",0.0900179591783679,0.154858226195373,0.114855896260559,0.184247223191031,0.293726529765013,0.464457778518997,0.231840076143971,0.429053853362582
"d__Bacteria--p__Proteobacteria--c__Gammaproteobacteria--o__Enterobacteriales--f__Enterobacteriaceae--__--__",0.0900179591783679,0.154858226195373,0.114855896260559,0.184247223191031,0.293726529765013,0.464457778518997,0.231840076143971,0.429053853362582
"d__Bacteria--p__Firmicutes--c__Clostridia--o__Clostridiales--f__Lachnospiraceae--g__Ruminococcus_gnavus_group",0.898573665715806,0.898482154705202,0.984475208204899,0.782252155610796,0.781704407281136,0.82280851746468,0.671470259507454,0.953633386795731
"d__Bacteria--p__Firmicutes--c__Clostridia--o__Clostridiales--f__Lachnospiraceae--g__Ruminococcus_gnavus_group--__",0.898573665715806,0.898482154705202,0.984475208204899,0.782252155610796,0.781704407281136,0.82280851746468,0.671470259507454,0.953633386795731
"d__Bacteria--p__Bacteroidetes--c__Bacteroidia--o__Bacteroidales--f__Tannerellaceae",0.411467177099905,0.50662049009686,0.390819299582827,0.473569907067881,0.909413671528557,0.80760834902514,0.951778572500733,0.95436883998025
"d__Bacteria--p__Bacteroidetes--c__Bacteroidia--o__Bacteroidales--f__Tannerellaceae--g__Parabacteroides",0.46446018948861,0.60361073192793,0.454278458500324,0.578168266982515,0.975943669615092,0.902931675430671,0.936430904096244,0.925185141748163
"d__Bacteria--p__Bacteroidetes--c__Bacteroidia--o__Bacteroidales--f__Prevotellaceae--g__Prevotella_9",0.0534730270249556,0.0294963976222435,0.054751518191666,0.0206628655796365,0.0715813552641075,0.0301402287578126,0.11128639515676,0.0509996707097982
"d__Bacteria--p__Bacteroidetes--c__Bacteroidia--o__Bacteroidales--f__Prevotellaceae--g__Prevotella_9--__",0.054368020237022,0.0314638087432478,0.0553908521469815,0.0218903757895426,0.0715149964433686,0.0306571404180829,0.111840603578564,0.052074687335323
"d__Bacteria--p__Fusobacteria",0.0246645509465176,0.0587282581762244,0.0280854425335431,0.0615428050984325,0.0394656564895538,0.0999228716159861,0.0751976201737437,0.12437861661595
"d__Bacteria--p__Fusobacteria--c__Fusobacteriia",0.0246645509465176,0.0587282581762244,0.0280854425335431,0.0615428050984325,0.0394656564895538,0.0999228716159861,0.0751976201737437,0.12437861661595
"d__Bacteria--p__Fusobacteria--c__Fusobacteriia--o__Fusobacteriales",0.0246645509465176,0.0587282581762244,0.0280854425335431,0.0615428050984325,0.0394656564895538,0.0999228716159861,0.0751976201737437,0.12437861661595
"d__Bacteria--p__Fusobacteria--c__Fusobacteriia--o__Fusobacteriales--f__Fusobacteriaceae",0.0252873353569568,0.0565620915102109,0.0288876721874397,0.0597884082902662,0.04093591149356,0.0979003649136176,0.0773173812323747,0.120070341590064
"d__Bacteria--p__Fusobacteria--c__Fusobacteriia--o__Fusobacteriales--f__Fusobacteriaceae--g__Fusobacterium",0.0252873353569568,0.0565620915102109,0.0288876721874397,0.0597884082902662,0.04093591149356,0.0979003649136176,0.0773173812323747,0.120070341590064
"d__Bacteria--p__Actinobacteria--c__Actinobacteria",0.463125231223849,0.513993434296672,0.367019707668511,0.515455836941284,0.463559188623441,0.241153302824873,0.581553955082405,0.276078673375625
"d__Bacteria--p__Firmicutes--c__Bacilli--o__Lactobacillales--f__Streptococcaceae",0.144778802761828,0.00379047052125133,0.223760653817043,0.00540844643233608,0.10805525275079,0.00410285990850217,0.114452957908457,0.0123452839778269
"d__Bacteria--p__Firmicutes--c__Bacilli--o__Lactobacillales--f__Streptococcaceae--g__Streptococcus",0.144431731917397,0.00379058550271341,0.222761897184832,0.00535569476200932,0.107600453231765,0.00399208246097416,0.113479712695011,0.0118783004141045
"d__Bacteria--p__Firmicutes--c__Bacilli--o__Lactobacillales--f__Streptococcaceae--g__Streptococcus--__",0.144675533762595,0.00365411415198973,0.223818191475795,0.00514650751031481,0.108988266725499,0.00381895492583506,0.116655135049928,0.0113059343819359
"d__Bacteria--p__Firmicutes--c__Clostridia--o__Clostridiales--f__Clostridiaceae_1",0.422238213402303,0.539523315900286,0.581832617252183,0.630650329577692,0.89098061489362,0.824155165259227,0.692417659592832,0.544735489558829
"d__Bacteria--p__Firmicutes--c__Negativicutes--o__Selenomonadales--f__Acidaminococcaceae",0.610223509818921,0.229514068084203,0.452982069848,0.142252593014047,0.855446138651867,0.567388059714376,0.962130844809997,0.516843636256766
"d__Bacteria--p__Firmicutes--c__Negativicutes--o__Selenomonadales--f__Veillonellaceae--g__Megasphaera",0.855896469277313,0.515235412039604,0.812466239165061,0.766356780562666,0.297211656312373,0.720611366986496,0.271976547957926,0.700985010001099
"d__Bacteria--p__Firmicutes--c__Negativicutes--o__Selenomonadales--f__Veillonellaceae--g__Veillonella",0.954762768147947,0.126030860139933,0.791052366551076,0.201547390735167,0.733330369793499,0.262091389086211,0.854814610545757,0.227064422139865
"d__Bacteria--p__Firmicutes--c__Clostridia--o__Clostridiales--f__Ruminococcaceae--g__Subdoligranulum",0.743752260988107,0.314714085226018,0.628716994387446,0.282935463710351,0.95820613785064,0.536467689252367,0.77289944015058,0.67946535975607
"d__Bacteria--p__Firmicutes--c__Clostridia--o__Clostridiales--f__Ruminococcaceae--g__Subdoligranulum--__",0.75844249785979,0.319656626816594,0.640380589502797,0.286453984352076,0.929095159995554,0.546989451988823,0.730839340033083,0.696043324003613
"d__Bacteria--p__Firmicutes--c__Clostridia--o__Clostridiales--f__Lachnospiraceae--g__Roseburia",0.530011493281221,0.42730242682585,0.61705863955866,0.530127027558762,0.566920577616267,0.449855281621339,0.440826332795809,0.458945668453773
"d__Bacteria--p__Firmicutes--c__Clostridia--o__Clostridiales--f__Lachnospiraceae--g__Roseburia--__",0.530011493281221,0.42730242682585,0.61705863955866,0.530127027558762,0.566920577616267,0.449855281621339,0.440826332795809,0.458945668453773
"d__Bacteria--p__Firmicutes--c__Negativicutes--o__Selenomonadales--f__Veillonellaceae--g__Veillonella--__",0.95582879266606,0.119899696054795,0.785803653136554,0.196277443511025,0.772670291935689,0.237819575692509,0.910656567155161,0.203258048777045
"d__Bacteria--p__Fusobacteria--c__Fusobacteriia--o__Fusobacteriales--f__Fusobacteriaceae--g__Fusobacterium--__",0.0113883844087543,0.055296576470755,0.0179083549759166,0.0736240562929172,0.0310708992655999,0.120388333400404,0.0523168333246196,0.138515792481463
"d__Bacteria--p__Firmicutes--c__Erysipelotrichia--o__Erysipelotrichales--f__Erysipelotrichaceae--g__Erysipelatoclostridium",0.319193031020677,0.172337791417624,0.446027600930502,0.246217260639397,0.498018172118464,0.283086389872449,0.305431800726612,0.179211484880716
"d__Bacteria--p__Proteobacteria--c__Gammaproteobacteria--o__Betaproteobacteriales--f__Burkholderiaceae--g__Sutterella",0.0218588849491648,0.00164533913769027,0.0217135346046106,0.001854524044617,0.00669143832668288,0.000993527491711001,0.0119465460895322,0.00220804595016351
"d__Bacteria--p__Firmicutes--c__Erysipelotrichia--o__Erysipelotrichales--f__Erysipelotrichaceae--g__Erysipelatoclostridium--__",0.325687782868841,0.1648850123196,0.462225907200599,0.239424100658545,0.529832965706537,0.283558664906792,0.341181100482377,0.182463757610445
"d__Bacteria--p__Firmicutes--c__Clostridia--o__Clostridiales--f__Peptostreptococcaceae",0.119953362978334,0.171170299350507,0.152086153734093,0.323339363503697,0.196695786355737,0.371951510674549,0.245791418058189,0.348228687706787
"d__Bacteria--p__Proteobacteria--c__Gammaproteobacteria--o__Betaproteobacteriales--f__Burkholderiaceae--g__Sutterella--__",0.0115898648106486,0.000791715440334479,0.0122415156958255,0.00107314936118361,0.00309969772723095,0.000625490617465629,0.00614178201958053,0.00138842055978765
"d__Bacteria--p__Firmicutes--c__Clostridia--o__Clostridiales--f__Lachnospiraceae--g__Ruminococcus_torques_group",0.864866174051823,0.42436186402897,0.942114733303629,0.54063487192906,0.449776391390325,0.857081604885409,0.92623596012069,0.710053431742363
"d__Bacteria--p__Firmicutes--c__Clostridia--o__Clostridiales--f__Lachnospiraceae--g__Ruminococcus_torques_group--__",0.864866174051823,0.42436186402897,0.942114733303629,0.54063487192906,0.449776391390325,0.857081604885409,0.92623596012069,0.710053431742363
"d__Bacteria--p__Proteobacteria--c__Gammaproteobacteria--o__Pasteurellales",0.253889486499065,0.0027473880833017,0.244446162342982,0.00514280152335444,0.307088257151784,0.0140216372897643,0.502564540590442,0.0441383939029426
"d__Bacteria--p__Proteobacteria--c__Gammaproteobacteria--o__Pasteurellales--f__Pasteurellaceae",0.253889486499065,0.0027473880833017,0.244446162342982,0.00514280152335444,0.307088257151784,0.0140216372897643,0.502564540590442,0.0441383939029426
"d__Bacteria--p__Firmicutes--c__Negativicutes--o__Selenomonadales--f__Veillonellaceae--g__Megasphaera--s__uncultured_organism",0.560100262855816,0.406801343199471,0.86046941647251,0.633754315105545,0.561622942634761,0.879940246161908,0.617606695721499,0.907867407395913
"d__Bacteria--p__Bacteroidetes--c__Bacteroidia--o__Bacteroidales--f__Tannerellaceae--g__Parabacteroides--__",0.242482944624275,0.478073257666525,0.235904895939279,0.432979889255455,0.670981378729158,0.662743766306182,0.771849408889259,0.803362658885129
"d__Bacteria--p__Verrucomicrobia",0.98657804687332,0.909527422448867,0.732555903350185,0.671776643911261,0.728452749953274,0.715633012561748,0.769896043573112,0.816485890846712
"d__Bacteria--p__Verrucomicrobia--c__Verrucomicrobiae",0.98657804687332,0.909527422448867,0.732555903350185,0.671776643911261,0.728452749953274,0.715633012561748,0.769896043573112,0.816485890846712
"d__Bacteria--p__Verrucomicrobia--c__Verrucomicrobiae--o__Verrucomicrobiales",0.98657804687332,0.908093937494123,0.732555903350185,0.670830166654963,0.728452749953274,0.71441839180048,0.769896043573112,0.815697312049188
"d__Bacteria--p__Verrucomicrobia--c__Verrucomicrobiae--o__Verrucomicrobiales--f__Akkermansiaceae",0.98657804687332,0.908093937494123,0.732555903350185,0.670830166654963,0.728452749953274,0.71441839180048,0.769896043573112,0.815697312049188
"d__Bacteria--p__Verrucomicrobia--c__Verrucomicrobiae--o__Verrucomicrobiales--f__Akkermansiaceae--g__Akkermansia",0.98657804687332,0.908093937494123,0.732555903350185,0.670830166654963,0.728452749953274,0.71441839180048,0.769896043573112,0.815697312049188
"d__Bacteria--p__Bacteroidetes--c__Bacteroidia--o__Bacteroidales--f__Rikenellaceae",0.405724218513175,0.589351228343198,0.633055660501899,0.344430858479991,0.53497238609488,0.527909552771753,0.938611402580986,0.248564114909522
"d__Bacteria--p__Firmicutes--c__Negativicutes--o__Selenomonadales--f__Acidaminococcaceae--g__Phascolarctobacterium",0.417233884205736,0.179825164729768,0.344884892204584,0.122955123274741,0.473810215170806,0.210695472995058,0.327414351684211,0.238065222222639
"d__Bacteria--p__Bacteroidetes--c__Bacteroidia--o__Bacteroidales--f__Rikenellaceae--g__Alistipes",0.624713535144244,0.357154115141361,0.870765796606806,0.194228278956495,0.689434922023829,0.37931479229496,0.883520061532897,0.158601827722128
"d__Bacteria--p__Bacteroidetes--c__Bacteroidia--o__Bacteroidales--f__Rikenellaceae--g__Alistipes--__",0.629618538027781,0.364624094230926,0.875293329356626,0.198922698592918,0.697734932683802,0.391161970742017,0.877129679142198,0.164134882889378
"d__Bacteria--p__Proteobacteria--c__Gammaproteobacteria--o__Xanthomonadales",0.804745737141817,0.0334193145763558,0.62419004461733,0.0523466016628459,0.972455041883904,0.103421160559619,0.457926070239993,0.159269750196818
"d__Bacteria--p__Firmicutes--c__Clostridia--o__Clostridiales--f__Peptostreptococcaceae--__",0.142304580474158,0.232968377555737,0.158038673968696,0.379053614768515,0.306107073290509,0.468858470583227,0.433630052109604,0.458985671902747
"d__Bacteria--p__Firmicutes--c__Clostridia--o__Clostridiales--f__Peptostreptococcaceae--__--__",0.142304580474158,0.232968377555737,0.158038673968696,0.379053614768515,0.306107073290509,0.468858470583227,0.433630052109604,0.458985671902747
"d__Bacteria--p__Proteobacteria--c__Gammaproteobacteria--o__Pasteurellales--f__Pasteurellaceae--g__Haemophilus",0.298096892970686,0.000906862020581189,0.282159899243773,0.00177433636127278,0.314272768595808,0.00328444936443628,0.538183038952809,0.020445545287086
"d__Bacteria--p__Proteobacteria--c__Gammaproteobacteria--o__Pasteurellales--f__Pasteurellaceae--g__Haemophilus--__",0.297851467358786,0.000899717674194045,0.281940508336041,0.0017618006470643,0.313736700033554,0.00325172501357969,0.537706737995828,0.0203209003153106
"d__Bacteria--p__Proteobacteria--c__Gammaproteobacteria--o__Xanthomonadales--f__Rhodanobacteraceae",0.741621564075011,0.0358421399454162,0.565409296663628,0.0565670525236698,0.906461051904718,0.114568931583829,0.492345234010402,0.172101670426844
"d__Bacteria--p__Proteobacteria--c__Gammaproteobacteria--o__Xanthomonadales--f__Rhodanobacteraceae--__",0.718780011121358,0.0294616451114981,0.543882424079039,0.045709139002524,0.921208317782057,0.0925975817444984,0.492675012627127,0.122022904622362
"d__Bacteria--p__Proteobacteria--c__Gammaproteobacteria--o__Xanthomonadales--f__Rhodanobacteraceae--__--__",0.718780011121358,0.0294616451114981,0.543882424079039,0.045709139002524,0.921208317782057,0.0925975817444984,0.492675012627127,0.122022904622362
"d__Bacteria--p__Proteobacteria--c__Gammaproteobacteria--__",0.597763594839052,0.528568778523555,0.497619121326328,0.368153328924982,0.494012435041419,0.273422915237655,0.655521691171779,0.357426324304338
"d__Bacteria--p__Proteobacteria--c__Gammaproteobacteria--__--__",0.597763594839052,0.528568778523555,0.497619121326328,0.368153328924982,0.494012435041419,0.273422915237655,0.655521691171779,0.357426324304338
"d__Bacteria--p__Proteobacteria--c__Gammaproteobacteria--__--__--__",0.597763594839052,0.528568778523555,0.497619121326328,0.368153328924982,0.494012435041419,0.273422915237655,0.655521691171779,0.357426324304338
"d__Bacteria--p__Proteobacteria--c__Gammaproteobacteria--__--__--__--__",0.597763594839052,0.528568778523555,0.497619121326328,0.368153328924982,0.494012435041419,0.273422915237655,0.655521691171779,0.357426324304338
"d__Bacteria--p__Firmicutes--c__Clostridia--o__Clostridiales--f__Lachnospiraceae--g__Lachnoclostridium",0.348401589133613,0.211564007167784,0.206115480197301,0.135144903702041,0.188787176661346,0.141296580205844,0.206838379456106,0.14715223538333
"d__Bacteria--p__Firmicutes--c__Clostridia--o__Clostridiales--f__Lachnospiraceae--g__Lachnoclostridium--__",0.348401589133613,0.211564007167784,0.206115480197301,0.135144903702041,0.188787176661346,0.141296580205844,0.206838379456106,0.14715223538333
"d__Bacteria--p__Proteobacteria--c__Deltaproteobacteria",0.623614120015724,0.372555967406006,0.725053254089801,0.360613807457507,0.932265427178907,0.339372506459223,0.810712497692979,0.372036885298422
"d__Bacteria--p__Firmicutes--c__Clostridia--o__Clostridiales--f__Clostridiaceae_1--g__Clostridium_sensu_stricto_1",0.105577648548964,0.0828174969726016,0.12855522675119,0.0843660639302968,0.339278741397816,0.213361856270262,0.249217521770383,0.133165446027421
"d__Bacteria--p__Firmicutes--c__Clostridia--o__Clostridiales--f__Clostridiaceae_1--g__Clostridium_sensu_stricto_1--__",0.105577648548964,0.0828174969726016,0.12855522675119,0.0843660639302968,0.339278741397816,0.213361856270262,0.249217521770383,0.133165446027421
"d__Bacteria--p__Proteobacteria--c__Deltaproteobacteria--o__Desulfovibrionales",0.655372824224396,0.355930219726901,0.7782379392385,0.340578412765376,0.982521578450379,0.32157785832786,0.892930456775277,0.347122244095169
"d__Bacteria--p__Proteobacteria--c__Deltaproteobacteria--o__Desulfovibrionales--f__Desulfovibrionaceae",0.655372824224396,0.355930219726901,0.7782379392385,0.340578412765376,0.982521578450379,0.32157785832786,0.892930456775277,0.347122244095169
"d__Bacteria--p__Actinobacteria--c__Actinobacteria--o__Bifidobacteriales",0.162201724719189,0.860807867049915,0.119737748951446,0.774374650787254,0.122995274528821,0.910489173159666,0.248358085987856,0.731927583839967
"d__Bacteria--p__Actinobacteria--c__Actinobacteria--o__Bifidobacteriales--f__Bifidobacteriaceae",0.162201724719189,0.860807867049915,0.119737748951446,0.774374650787254,0.122995274528821,0.910489173159666,0.248358085987856,0.731927583839967
"d__Bacteria--p__Actinobacteria--c__Actinobacteria--o__Bifidobacteriales--f__Bifidobacteriaceae--g__Bifidobacterium",0.162273967512289,0.853682984478465,0.119518040560895,0.764563719064528,0.122667407894745,0.919151843869962,0.248903096343633,0.732685532394728
"d__Bacteria--p__Actinobacteria--c__Actinobacteria--o__Bifidobacteriales--f__Bifidobacteriaceae--g__Bifidobacterium--__",0.180186439616355,0.861052097147018,0.136932972158066,0.798845591063575,0.123420428244587,0.958392010804338,0.255799444649359,0.766794512833224
"d__Bacteria--p__Firmicutes--c__Bacilli--o__Lactobacillales--f__Enterococcaceae",0.113735419317381,0.106495518452706,0.126587419133377,0.109483521300652,0.27257376729352,0.250975880210396,0.19837816601281,0.145250050780728
"d__Bacteria--p__Firmicutes--c__Bacilli--o__Lactobacillales--f__Enterococcaceae--g__Enterococcus",0.104460402924477,0.106495518452706,0.116677018668468,0.109483521300652,0.254818146358159,0.250975880210396,0.187968648365849,0.145250050780728
"d__Bacteria--p__Firmicutes--c__Bacilli--o__Lactobacillales--f__Enterococcaceae--g__Enterococcus--__",0.104460402924477,0.106495518452706,0.116677018668468,0.109483521300652,0.254818146358159,0.250975880210396,0.187968648365849,0.145250050780728
"d__Bacteria--p__Firmicutes--c__Negativicutes--o__Selenomonadales--f__Acidaminococcaceae--g__Phascolarctobacterium--s__Ruminococcus_sp._N15.MGS-57",0.515189487933495,0.834228650769297,0.497804047012647,0.913379082475048,0.332153193362984,0.690686213326101,0.591579157393102,0.722272204542612
"d__Bacteria--p__Firmicutes--c__Clostridia--o__Clostridiales--f__Clostridiaceae_1--__",0.451554528798133,0.397734656673065,0.290885326686672,0.28645019816986,0.317913157456825,0.300666924933879,0.384734725471418,0.372293156704871
"d__Bacteria--p__Firmicutes--c__Clostridia--o__Clostridiales--f__Clostridiaceae_1--__--__",0.451554528798133,0.397734656673065,0.290885326686672,0.28645019816986,0.317913157456825,0.300666924933879,0.384734725471418,0.372293156704871
"d__Bacteria--p__Firmicutes--c__Clostridia--o__Clostridiales--f__Lachnospiraceae--g__Eubacterium_hallii_group",0.395571337852768,0.0644845940837379,0.194662497461617,0.017342306022755,0.611420145938231,0.0783482402640987,0.612197819678832,0.129662114011298
"d__Bacteria--p__Firmicutes--c__Clostridia--o__Clostridiales--f__Lachnospiraceae--g__Eubacterium_hallii_group--__",0.395571337852768,0.0637167528233651,0.194662497461617,0.0171212549253356,0.611420145938231,0.0775538638015852,0.612197819678832,0.128365033495638
"d__Bacteria--p__Verrucomicrobia--c__Verrucomicrobiae--o__Verrucomicrobiales--f__Akkermansiaceae--g__Akkermansia--__",0.517740594631742,0.237686807942609,0.324746085645648,0.132664238335336,0.514914312741333,0.273488602448218,0.4975138082538,0.268567864786172
"d__Bacteria--p__Firmicutes--c__Clostridia--o__Clostridiales--f__Lachnospiraceae--g__Tyzzerella",0.859487387750677,0.713146276838564,0.62497670454395,0.569901226507758,0.410342250049999,0.533013770258793,0.33701204027747,0.444205589272055
"d__Bacteria--p__Firmicutes--c__Clostridia--o__Clostridiales--f__Lachnospiraceae--g__Tyzzerella--__",0.851233678500022,0.704289814290443,0.618127378055568,0.562067869242336,0.402153769357744,0.525950334390815,0.328925068476107,0.438659745844758
"d__Bacteria--p__Firmicutes--c__Erysipelotrichia--o__Erysipelotrichales--f__Erysipelotrichaceae--g__Erysipelotrichaceae_UCG-003",0.871814583875844,0.589469002352617,0.859487805566717,0.576755046808736,0.64133369412532,0.985661291704073,0.515338976789667,0.840396827409369
"d__Bacteria--p__Firmicutes--c__Clostridia--o__Clostridiales--f__Lachnospiraceae--g__Anaerostipes",0.166280488373638,0.308392155322355,0.0737064799244561,0.181096076849365,0.254581472641222,0.550505892985317,0.355812729244125,0.561567247576716
"d__Bacteria--p__Firmicutes--c__Clostridia--o__Clostridiales--f__Lachnospiraceae--g__Anaerostipes--__",0.166280488373638,0.308392155322355,0.0737064799244561,0.181096076849365,0.254581472641222,0.550505892985317,0.355812729244125,0.561567247576716
"d__Bacteria--p__Firmicutes--c__Erysipelotrichia--o__Erysipelotrichales--f__Erysipelotrichaceae--g__Erysipelotrichaceae_UCG-003--__",0.884942829303771,0.594303049061442,0.874874442967963,0.582033342856609,0.626831698221023,0.980132481254591,0.503927090711072,0.835848323532648
"d__Bacteria--p__Bacteroidetes--c__Bacteroidia--o__Bacteroidales--f__Tannerellaceae--g__Parabacteroides--s__Parabacteroides_merdae",0.948046170928938,0.680855105047617,0.919638902378127,0.622189046892166,0.752161371719089,0.943997835082365,0.777312331063902,0.986355125913377
"d__Bacteria--p__Firmicutes--c__Negativicutes--o__Selenomonadales--f__Veillonellaceae--g__Dialister",0.94287923769011,0.54786904393008,0.961262260136965,0.509448517129707,0.622031887133834,0.920417298756709,0.490209399844765,0.808274096570041
"d__Bacteria--p__Bacteroidetes--c__Bacteroidia--o__Bacteroidales--f__Bacteroidaceae--g__Bacteroides--s__Bacteroides_massiliensis_B84634_=_Timone_84634_=_DSM_17679_=_JCM_13223",0.0974842799754069,0.0963791771664463,0.0866226678091702,0.0827399446510274,0.0439775958058983,0.0299345570871851,0.04965824908522,0.0338588956184261
"d__Bacteria--p__Firmicutes--c__Clostridia--o__Clostridiales--f__Ruminococcaceae--__",0.982513898407847,0.602674328457647,0.80384404476575,0.697195788974593,0.493699653339941,0.891418790293722,0.252056519550869,0.329893114370551
"d__Bacteria--p__Firmicutes--c__Clostridia--o__Clostridiales--f__Ruminococcaceae--__--__",0.982513898407847,0.602674328457647,0.80384404476575,0.697195788974593,0.493699653339941,0.891418790293722,0.252056519550869,0.329893114370551
"d__Bacteria--p__Firmicutes--c__Negativicutes--o__Selenomonadales--f__Veillonellaceae--g__Dialister--__",0.772187886324402,0.810786154070492,0.817325177822531,0.718964337613391,0.389716692155511,0.615618518884101,0.337001436311477,0.56476232747565
"d__Bacteria--p__Bacteroidetes--c__Bacteroidia--o__Bacteroidales--f__Prevotellaceae--g__Alloprevotella",0.0816878746026393,0.0629236447482142,0.190963751048477,0.158405121848801,0.114556768471239,0.090011791730915,0.140483233066919,0.110094669936321
"d__Bacteria--p__Firmicutes--c__Clostridia--o__Clostridiales--f__Ruminococcaceae--g__Ruminiclostridium_5",0.215940121988175,0.043094755293836,0.192315349331828,0.0496428146173696,0.208899092244217,0.0133475684747803,0.172401834197706,0.00268546761953151
"d__Bacteria--p__Actinobacteria--c__Coriobacteriia--o__Coriobacteriales--f__Eggerthellaceae",0.12022459852623,0.123698433240689,0.142481555427892,0.132078601648202,0.0989150719924252,0.054747647378236,0.169767010371933,0.0493620495012946
"d__Bacteria--p__Firmicutes--c__Bacilli--o__Bacillales",0.638149566145429,0.523744008556543,0.594239368237128,0.538793122989186,0.825356168293257,0.27928050457788,0.450311267001124,0.433807749945955
"d__Bacteria--p__Firmicutes--c__Clostridia--o__Clostridiales--f__Lachnospiraceae--g__Dorea",0.425607650663528,0.442091257007814,0.298472407326055,0.379647763955981,0.430627446165731,0.374705832020554,0.592761137570287,0.462856607007176
"d__Bacteria--p__Firmicutes--c__Clostridia--o__Clostridiales--f__Lachnospiraceae--g__Dorea--__",0.425607650663528,0.442091257007814,0.298472407326055,0.379647763955981,0.430627446165731,0.374705832020554,0.592761137570287,0.462856607007176
"d__Bacteria--p__Proteobacteria--c__Deltaproteobacteria--o__Desulfovibrionales--f__Desulfovibrionaceae--g__Bilophila",0.60492622903242,0.837790165014111,0.403264292985606,0.734547167773781,0.399475961104661,0.895988386701767,0.416198058989612,0.90158569322038
"d__Bacteria--p__Proteobacteria--c__Gammaproteobacteria--o__Betaproteobacteriales--f__Burkholderiaceae--g__Parasutterella",0.0464377152782782,0.101776764374281,0.0541356246021893,0.122356479500571,0.0862816321398798,0.152001324840335,0.0353412572679349,0.0359423701491509
"d__Bacteria--p__Proteobacteria--c__Alphaproteobacteria",0.216305022461127,0.265601277169801,0.215869679344564,0.210266973385635,0.223239016488743,0.329085094552291,0.189118293276689,0.579730322130398
"d__Bacteria--p__Firmicutes--c__Negativicutes--o__Selenomonadales--f__Acidaminococcaceae--g__Acidaminococcus",0.957651166372943,0.789402911165364,0.883478284188399,0.667218532713209,0.368833929338022,0.566210468310014,0.405788699274206,0.733664731154465
"d__Bacteria--p__Bacteroidetes--c__Bacteroidia--o__Bacteroidales--f__Barnesiellaceae",0.222960274825713,0.169222117032725,0.185505910353788,0.11346714800995,0.149787155680762,0.12026972024,0.0490697925734888,0.0452288155736323
"d__Bacteria--p__Firmicutes--c__Clostridia--o__Clostridiales--f__Ruminococcaceae--g__Ruminiclostridium_5--s__uncultured_organism",0.328006973700006,0.0701337233388827,0.286924741557432,0.0767715993057104,0.261643354271221,0.0164506684648122,0.218866340421672,0.00412986870832418
"d__Bacteria--p__Firmicutes--c__Negativicutes--o__Selenomonadales--f__Acidaminococcaceae--g__Acidaminococcus--s__uncultured_organism",0.948501895167178,0.796841507071535,0.895848661312095,0.676769017265822,0.364206742388884,0.559938145277813,0.404179676181083,0.729113910563223
"d__Bacteria--p__Firmicutes--c__Clostridia--o__Clostridiales--f__Ruminococcaceae--g__Ruminococcaceae_UCG-002",0.854098203623172,0.458565170995912,0.783962940165515,0.43253492127822,0.915274059512881,0.403414365045545,0.941688305500458,0.344541121493345
"d__Bacteria--p__Firmicutes--c__Clostridia--o__Clostridiales--f__Ruminococcaceae--g__Ruminococcaceae_UCG-002--__",0.854098203623172,0.458565170995912,0.783962940165515,0.43253492127822,0.915274059512881,0.403414365045545,0.941688305500458,0.344541121493345
"d__Bacteria--p__Verrucomicrobia--c__Verrucomicrobiae--o__Verrucomicrobiales--f__Akkermansiaceae--g__Akkermansia--s__uncultured_bacterium",0.316009761557038,0.188537309485907,0.35125535926317,0.221251549336062,0.693699293836601,0.424459398133991,0.606321134307987,0.305177630458039
"d__Bacteria--p__Bacteroidetes--c__Bacteroidia--o__Bacteroidales--f__Barnesiellaceae--g__Barnesiella",0.118166846306402,0.0904991405489593,0.0994928945806131,0.0615681782896547,0.0716035455084219,0.0607376001283192,0.0221716856894749,0.0220887001948272
"d__Bacteria--p__Bacteroidetes--c__Bacteroidia--o__Bacteroidales--f__Barnesiellaceae--g__Barnesiella--__",0.118166846306402,0.0916806175420236,0.0994928945806131,0.062363406807728,0.0716035455084219,0.0614075665740104,0.0221716856894749,0.0223288616825813
"d__Bacteria--p__Firmicutes--c__Negativicutes--o__Selenomonadales--f__Veillonellaceae--g__Megasphaera--__",0.227936604263773,0.429071199358106,0.179597592541826,0.391511521461786,0.0848998019872936,0.248120410876387,0.0296737790058265,0.136907664560648
"d__Bacteria--p__Firmicutes--c__Clostridia--o__Clostridiales--f__Ruminococcaceae--g__UBA1819",0.911803274381996,0.780007932542642,0.777753063812115,0.65104703675065,0.780995087017128,0.689526947426258,0.952762487774008,0.995452655496732
"d__Bacteria--p__Firmicutes--c__Clostridia--o__Clostridiales--f__Ruminococcaceae--g__UBA1819--__",0.911803274381996,0.780007932542642,0.777753063812115,0.65104703675065,0.780995087017128,0.689526947426258,0.952762487774008,0.995452655496732
"d__Bacteria--p__Bacteroidetes--c__Bacteroidia--o__Bacteroidales--f__Marinifilaceae",0.0053778961280982,0.00446448429264787,0.00587868847614876,0.00625631566054593,0.0190792011888865,0.0289293081858449,0.0364033524178676,0.0433771005644436
"d__Bacteria--p__Firmicutes--c__Bacilli--o__Bacillales--f__Bacillaceae",0.433829794717306,0.618680505480418,0.581516475706375,0.629202269052858,0.66470492842169,0.349982606931027,0.57900863904343,0.519805538632356
"d__Bacteria--p__Actinobacteria--c__Actinobacteria--o__Micrococcales",0.536198337021185,0.0402601724330598,0.66008396825001,0.0573983212751353,0.960696456229914,0.0218602118843867,0.873960573589557,0.0608413442615313
"d__Bacteria--p__Firmicutes--c__Clostridia--o__Clostridiales--f__Family_XI",0.537106980425877,0.127743824808997,0.660662724168948,0.210268510777149,0.818874829582066,0.240309666188439,0.653541457743614,0.287186389709891
"d__Bacteria--p__Firmicutes--c__Clostridia--o__Clostridiales--f__Ruminococcaceae--g__Flavonifractor",0.339577694973436,0.575190105599555,0.400827185995453,0.629375983415859,0.562657654864776,0.809747828214516,0.675492877795826,0.749561004937695
"d__Bacteria--p__Firmicutes--c__Clostridia--o__Clostridiales--f__Ruminococcaceae--g__Flavonifractor--__",0.339577694973436,0.575190105599555,0.400827185995453,0.629375983415859,0.562657654864776,0.809747828214516,0.675492877795826,0.749561004937695
"d__Bacteria--p__Proteobacteria--c__Deltaproteobacteria--o__Desulfovibrionales--f__Desulfovibrionaceae--g__Bilophila--__",0.494220873710964,0.384272138893019,0.273879118992119,0.277666806084642,0.303541167391945,0.626331615869228,0.271898986958807,0.436412340944464
"d__Bacteria--p__Proteobacteria--c__Gammaproteobacteria--o__Betaproteobacteriales--f__Burkholderiaceae--g__Parasutterella--__",0.166957569046615,0.171583431247429,0.185751860118576,0.273546210326995,0.117792976459434,0.215784689208531,0.138170707046998,0.0928654977656943
"d__Bacteria--p__Proteobacteria--c__Gammaproteobacteria--o__Betaproteobacteriales--f__Burkholderiaceae--g__Thiomonas",0.356309767613112,0.0487791162745239,0.216039935010405,0.0204407947276032,0.389238648125157,0.0442510305602304,0.179447034548441,0.00907387854890096
"d__Bacteria--p__Firmicutes--c__Clostridia--o__Clostridiales--f__Ruminococcaceae--g__Butyricicoccus",0.657732721823725,0.24337940662564,0.728896719490755,0.163260710656037,0.514194367650131,0.262149801796166,0.417116201482367,0.318747717074118
"d__Bacteria--p__Bacteroidetes--c__Bacteroidia--o__Bacteroidales--f__Marinifilaceae--g__Odoribacter",0.0126883593364639,0.0175237877373605,0.0113648149273011,0.0172457620899677,0.0373890281593006,0.0692238128463315,0.0555189492022062,0.0786791187744762
"d__Bacteria--p__Firmicutes--c__Clostridia--o__Clostridiales--f__Ruminococcaceae--g__Butyricicoccus--__",0.720278109140516,0.261040146442377,0.769752886841962,0.159896329398402,0.536172281590023,0.275316385756213,0.429367554354539,0.382412092594913
"d__Bacteria--p__Proteobacteria--c__Alphaproteobacteria--o__Rhizobiales",0.208006420306607,0.43924346583544,0.242650944436197,0.365090860310716,0.203051791887558,0.538198324736462,0.256786160721172,0.798521081710265
"d__Bacteria--p__Proteobacteria--c__Gammaproteobacteria--o__Betaproteobacteriales--f__Burkholderiaceae--g__Thiomonas--s__Thiomonas_sp._FB-Cd",0.206439092713826,0.115322795376297,0.156165179443958,0.0573088456784819,0.175253930735348,0.0641989736432253,0.0471793938087822,0.0157813035805372
"d__Bacteria--p__Firmicutes--c__Bacilli--o__Lactobacillales--f__Lactobacillaceae",0.387085733671373,0.275922191691215,0.352791372079534,0.273560019659093,0.601166897019675,0.378209801948794,0.540488488423015,0.314332113041578
"d__Bacteria--p__Firmicutes--c__Bacilli--o__Lactobacillales--f__Lactobacillaceae--g__Lactobacillus",0.397206311457617,0.289197377417586,0.358994147126845,0.28399700706512,0.595820433959803,0.373732856773741,0.517243466792841,0.289709168179262
"d__Bacteria--p__Firmicutes--c__Clostridia--o__Clostridiales--f__Lachnospiraceae--g__Lachnospiraceae_UCG-010",0.587317768204722,0.637811169002864,0.617015746237606,0.784660135301408,0.973003322180542,0.998630295631883,0.99195981446173,0.910101449359365
"d__Bacteria--p__Bacteroidetes--c__Bacteroidia--o__Bacteroidales--f__Muribaculaceae",0.172505310065385,0.1797243430761,0.0929404829750136,0.106342820345323,0.226144624205965,0.27157333180242,0.170571484461612,0.193661532193908
"d__Bacteria--p__Proteobacteria--c__Deltaproteobacteria--o__Desulfovibrionales--f__Desulfovibrionaceae--g__Desulfovibrio",0.231912518745226,0.168596633446683,0.226675637118958,0.135125462367585,0.451279566982745,0.223794886885559,0.337520974374338,0.191042034688407
"d__Bacteria--p__Bacteroidetes--c__Bacteroidia--o__Bacteroidales--f__Prevotellaceae--g__Prevotella_7",0.416761336921743,0.190668289605087,0.418527957721424,0.191298635867149,0.343047312126305,0.181574097394837,0.421050379468349,0.263206648850261
"d__Bacteria--p__Actinobacteria--c__Actinobacteria--o__Actinomycetales",0.753072916266152,0.725954644779856,0.701823332113193,0.636594504765963,0.936265711903527,0.423751553489319,0.872607535823659,0.483923803401338
"d__Bacteria--p__Actinobacteria--c__Actinobacteria--o__Actinomycetales--f__Actinomycetaceae",0.753072916266152,0.725954644779856,0.701823332113193,0.636594504765963,0.936265711903527,0.423751553489319,0.872607535823659,0.483923803401338
"d__Bacteria--p__Firmicutes--c__Negativicutes--o__Selenomonadales--f__Acidaminococcaceae--g__Phascolarctobacterium--__",0.03805730578409,0.00944232040280721,0.0145422966123868,0.00482733135759875,0.0107341865917973,0.00450761526872684,0.0188748401702046,0.0110157098397355
"d__Bacteria--p__Firmicutes--c__Bacilli--o__Lactobacillales--f__Lactobacillaceae--g__Lactobacillus--__",0.738406023127717,0.438248709480315,0.732003745742491,0.454600035734158,0.966776793021386,0.543943797343796,0.966699977049603,0.426884235903735
"d__Bacteria--p__Proteobacteria--c__Gammaproteobacteria--o__Pseudomonadales",0.875844123344955,0.427144519779207,0.97087335543396,0.422832481952408,0.924286095799059,0.747812569324356,0.725756702891746,0.652629607246084
"d__Bacteria--p__Bacteroidetes--c__Bacteroidia--o__Bacteroidales--f__Prevotellaceae--g__Prevotella_7--__",0.384804545595913,0.199635371427452,0.386369080337042,0.195502193091771,0.304571111416658,0.183560764387531,0.383734448066984,0.264280434432502
"d__Bacteria--p__Actinobacteria--c__Actinobacteria--o__Micrococcales--f__Micrococcaceae",0.438987001882208,0.0358621755914671,0.55818984556583,0.0540319528318626,0.9592172137328,0.0191359225021981,0.902886172170132,0.0576005962048623
"d__Bacteria--p__Firmicutes--c__Clostridia--o__Clostridiales--f__Lachnospiraceae--g__Coprococcus_3",0.628186513732617,0.798276269853238,0.544852423584461,0.747537447593003,0.83703355768391,0.251232426809736,0.873810148778459,0.184450043042919
"d__Bacteria--p__Firmicutes--c__Clostridia--o__Clostridiales--f__Lachnospiraceae--g__Coprococcus_3--__",0.628186513732617,0.798276269853238,0.544852423584461,0.747537447593003,0.83703355768391,0.251232426809736,0.873810148778459,0.184450043042919
"d__Bacteria--p__Proteobacteria--c__Deltaproteobacteria--o__Desulfovibrionales--f__Desulfovibrionaceae--g__Bilophila--s__uncultured_delta_proteobacterium",0.855953539546162,0.34874604347943,0.792497336893681,0.30753910408084,0.891813266256711,0.336371607817249,0.737697997762809,0.331544352340053
"d__Bacteria--p__Actinobacteria--c__Actinobacteria--o__Micrococcales--f__Micrococcaceae--g__Rothia",0.259805620629435,0.0379244618343419,0.334744295035446,0.0572167850458497,0.596711699770082,0.0183132995685208,0.822230842823455,0.0574325698606706
"d__Bacteria--p__Actinobacteria--c__Actinobacteria--o__Micrococcales--f__Micrococcaceae--g__Rothia--__",0.259805620629435,0.0379244618343419,0.334744295035446,0.0572167850458497,0.596711699770082,0.0183132995685208,0.822230842823455,0.0574325698606706
"d__Bacteria--p__Firmicutes--c__Bacilli--o__Bacillales--f__Bacillaceae--g__Geobacillus",0.528972335855782,0.596715136556401,0.667625683698313,0.605221255287344,0.592572575184309,0.337054792197799,0.496368577719525,0.504607640902548
"d__Bacteria--p__Firmicutes--c__Bacilli--o__Bacillales--f__Bacillaceae--g__Geobacillus--__",0.528972335855782,0.596715136556401,0.667625683698313,0.605221255287344,0.592572575184309,0.337054792197799,0.496368577719525,0.504607640902548
"d__Bacteria--p__Firmicutes--c__Clostridia--o__Clostridiales--f__Christensenellaceae",0.594316717140034,0.729461841897908,0.672087148495829,0.671777424888827,0.611339755704066,0.812892568661771,0.737542250685812,0.68097407508297
"d__Bacteria--p__Firmicutes--c__Clostridia--o__Clostridiales--f__Christensenellaceae--g__Christensenellaceae_R-7_group",0.60706431563106,0.729877455782534,0.687401859724904,0.67157791018818,0.633780410304387,0.812539958199531,0.758718395924774,0.690322942139287
"d__Bacteria--p__Firmicutes--c__Clostridia--o__Clostridiales--f__Ruminococcaceae--g__Ruminococcaceae_UCG-005",0.519692258229028,0.287308151006238,0.342538855235668,0.18253291034572,0.43150683401681,0.18961003440714,0.148120085132191,0.0845006660297202
"d__Bacteria--p__Firmicutes--c__Clostridia--o__Clostridiales--f__Ruminococcaceae--g__Ruminococcaceae_UCG-005--__",0.519692258229028,0.277984848461238,0.342538855235668,0.177451772757675,0.43150683401681,0.185943184997469,0.148120085132191,0.0830756079937382
"d__Bacteria--p__Firmicutes--c__Clostridia--o__Clostridiales--f__Ruminococcaceae--g__Ruminiclostridium_9",0.287562761815194,0.063279706874471,0.239500061511138,0.0376770706238623,0.428188891222084,0.0667155873415989,0.37588400830405,0.098763814844539
"d__Bacteria--p__Firmicutes--c__Clostridia--o__Clostridiales--f__Ruminococcaceae--g__Ruminiclostridium_9--__",0.285521233826538,0.0637423332627073,0.23817185571201,0.0380642378963209,0.429697142856999,0.0672939182250854,0.379176965996386,0.0994441454043824
"d__Bacteria--p__Actinobacteria--c__Coriobacteriia--o__Coriobacteriales--f__Eggerthellaceae--g__Eggerthella",0.87871971186588,0.276239188083421,0.703673659478891,0.154586501777759,0.799617440361173,0.291009749456473,0.733325578775155,0.66927880769096
"d__Bacteria--p__Actinobacteria--c__Actinobacteria--o__Actinomycetales--f__Actinomycetaceae--g__Actinomyces",0.628266000095152,0.705204465774857,0.71663207762776,0.627168435783202,0.842606434297691,0.419746379210052,0.883888492423373,0.480563658859098
"d__Bacteria--p__Proteobacteria--c__Gammaproteobacteria--o__Pseudomonadales--f__Pseudomonadaceae",0.396443965202782,0.243313016286807,0.294759424820591,0.241876425841892,0.567279304644388,0.559150997752121,0.65815304740554,0.434389450566143
"d__Bacteria--p__Proteobacteria--c__Gammaproteobacteria--o__Pseudomonadales--f__Pseudomonadaceae--g__Pseudomonas",0.396443965202782,0.264415197081103,0.294759424820591,0.26085284717563,0.567279304644388,0.582108111981419,0.65815304740554,0.459071382321542
"d__Bacteria--p__Proteobacteria--c__Gammaproteobacteria--o__Pseudomonadales--f__Pseudomonadaceae--g__Pseudomonas--__",0.396443965202782,0.264415197081103,0.294759424820591,0.26085284717563,0.567279304644388,0.582108111981419,0.65815304740554,0.459071382321542
"d__Bacteria--p__Firmicutes--c__Erysipelotrichia--o__Erysipelotrichales--f__Erysipelotrichaceae--g__Holdemanella",0.044120173063025,0.0449723926831893,0.0547783794502339,0.0428823123201027,0.0764032548555465,0.075491256458475,0.130403394428965,0.142572500718661
"d__Bacteria--p__Bacteroidetes--c__Bacteroidia--o__Bacteroidales--f__Marinifilaceae--g__Odoribacter--__",0.0387813204287291,0.012544083070096,0.0201999892554714,0.00740014402975071,0.0290840598909819,0.0185124007996972,0.0233190783859113,0.00991401578565614
"d__Bacteria--p__Firmicutes--c__Bacilli--o__Bacillales--f__Family_XI",0.984629464787546,0.0471907669789992,0.905525740236688,0.0554952579946269,0.945597932321331,0.023864655074428,0.707234036132315,0.0262622465284769
"d__Bacteria--p__Firmicutes--c__Bacilli--o__Bacillales--f__Family_XI--g__Gemella",0.984629464787546,0.0471907669789992,0.905525740236688,0.0554952579946269,0.945597932321331,0.023864655074428,0.707234036132315,0.0262622465284769
"d__Bacteria--p__Firmicutes--c__Bacilli--o__Bacillales--f__Family_XI--g__Gemella--__",0.90138741755726,0.0504758180526952,0.997373631844565,0.058819535416783,0.850017557435966,0.0251383994979283,0.674134858843776,0.027676740402273
"d__Bacteria--p__Proteobacteria--c__Gammaproteobacteria--o__Betaproteobacteriales--f__Neisseriaceae",0.0414460487090519,0.00707534529316685,0.0776437377056686,0.0172359212205296,0.189918057974584,0.0140958365547333,0.258180218608852,0.013997837963134
"d__Bacteria--p__Actinobacteria--c__Actinobacteria--o__Actinomycetales--f__Actinomycetaceae--g__Actinomyces--__",0.572537925953594,0.71150765752842,0.650393864103156,0.636152223560593,0.756191809250248,0.400400767736132,0.787183708216519,0.469424766766455
"d__Bacteria--p__Proteobacteria--c__Gammaproteobacteria--o__Betaproteobacteriales--f__Neisseriaceae--g__Neisseria",0.0515757558866508,0.00683205501801726,0.0951987554174905,0.0166165085664528,0.221206358903973,0.0138389352902435,0.320913343870605,0.0138217534180219
"d__Bacteria--p__Proteobacteria--c__Gammaproteobacteria--o__Betaproteobacteriales--f__Neisseriaceae--g__Neisseria--__",0.0515757558866508,0.00683205501801726,0.0951987554174905,0.0166165085664528,0.221206358903973,0.0138389352902435,0.320913343870605,0.0138217534180219
"d__Bacteria--p__Actinobacteria--c__Coriobacteriia--o__Coriobacteriales--f__Eggerthellaceae--g__Slackia",0.346109963495691,0.0754833193742392,0.27332492294433,0.0587456765410556,0.29363867243746,0.0618152878043164,0.601347751163182,0.18074955991561
"d__Bacteria--p__Proteobacteria--c__Gammaproteobacteria--o__Betaproteobacteriales--f__Burkholderiaceae--g__Parasutterella--s__uncultured_bacterium",0.589564118354694,0.465688490164715,0.559862818615843,0.41655941055233,0.435064893972108,0.324892003871955,0.164414498882675,0.131446185225075
"d__Bacteria--p__Firmicutes--c__Clostridia--o__Clostridiales--f__Ruminococcaceae--g__Negativibacillus",0.577813663856458,0.844666258106721,0.585155801558149,0.856566485999031,0.529664486091326,0.866937983039268,0.812063835440648,0.65319203099945
"d__Bacteria--p__Firmicutes--c__Clostridia--o__Clostridiales--f__Lachnospiraceae--g__Sellimonas",0.486644190271662,0.497664937822947,0.545444320788689,0.457127120262542,0.770366449674473,0.572236095041672,0.592773932860779,0.385032304259689
"d__Bacteria--p__Firmicutes--c__Clostridia--o__Clostridiales--f__Christensenellaceae--g__Christensenellaceae_R-7_group--__",0.927130279226009,0.509083115420504,0.993106964064287,0.458639668725341,0.854702425429283,0.613538211285424,0.961966465368127,0.51399119658011
"d__Bacteria--p__Firmicutes--c__Clostridia--o__Clostridiales--f__Lachnospiraceae--g__Coprococcus_1",0.758484837943345,0.366743055607375,0.781233303891213,0.332713065093048,0.365742861928755,0.969210102597586,0.338017155155401,0.85153528460619
"d__Bacteria--p__Firmicutes--c__Clostridia--o__Clostridiales--f__Lachnospiraceae--g__Coprococcus_1--__",0.758484837943345,0.366743055607375,0.781233303891213,0.332713065093048,0.365742861928755,0.969210102597586,0.338017155155401,0.85153528460619
"d__Bacteria--p__Firmicutes--c__Bacilli--o__Lactobacillales--__",0.937692330773656,0.401133580131304,0.851310744354035,0.369555849570243,0.706835427104117,0.283418612132961,0.911017017971887,0.383172163721017
"d__Bacteria--p__Firmicutes--c__Bacilli--o__Lactobacillales--__--__",0.937692330773656,0.401133580131304,0.851310744354035,0.369555849570243,0.706835427104117,0.283418612132961,0.911017017971887,0.383172163721017
"d__Bacteria--p__Firmicutes--c__Bacilli--o__Lactobacillales--__--__--__",0.937692330773656,0.401133580131304,0.851310744354035,0.369555849570243,0.706835427104117,0.283418612132961,0.911017017971887,0.383172163721017
"d__Bacteria--p__Bacteroidetes--c__Bacteroidia--o__Bacteroidales--f__Prevotellaceae--g__Paraprevotella",0.189930473275755,0.179322973905207,0.162667546403692,0.160128137688842,0.383324324549468,0.327522063159434,0.595358231051451,0.589100854128871
"d__Bacteria--p__Firmicutes--c__Clostridia--o__Clostridiales--f__Ruminococcaceae--g__Ruminococcaceae_NK4A214_group",0.0798949180529515,0.0449050702737879,0.0866165936320193,0.0321617326318865,0.050810717295245,0.0210267922149409,0.0213636624860446,0.00985170248855801
"d__Bacteria--p__Firmicutes--c__Clostridia--o__Clostridiales--f__Ruminococcaceae--g__Ruminococcaceae_NK4A214_group--__",0.0798949180529515,0.0449050702737879,0.0866165936320193,0.0321617326318865,0.050810717295245,0.0210267922149409,0.0213636624860446,0.00985170248855801
"d__Bacteria--p__Actinobacteria--c__Actinobacteria--o__Propionibacteriales",0.111050884704647,0.392170490130847,0.124311567606196,0.223324360541428,0.554666782571021,0.206088722207043,0.916596539903366,0.261348301882829
"d__Bacteria--p__Firmicutes--c__Clostridia--o__Clostridiales--f__Lachnospiraceae--g__Lachnospiraceae_UCG-010--__",0.324828358352969,0.276827840065727,0.438402420280003,0.396990825190455,0.621769846612195,0.591611350451545,0.671362308932412,0.591055418031575
"d__Bacteria--p__Actinobacteria--c__Actinobacteria--o__Propionibacteriales--f__Propionibacteriaceae",0.0747131866246465,0.4105652801023,0.087668397767821,0.236486301753829,0.464489933102204,0.205482667612057,0.953359165634213,0.256255291036328
"d__Bacteria--p__Actinobacteria--c__Actinobacteria--o__Propionibacteriales--f__Propionibacteriaceae--g__Cutibacterium",0.0868226175561925,0.393434851660159,0.0993864246328701,0.222358838116455,0.484581339527812,0.195566440141016,0.986334534807586,0.23957976630735
"d__Bacteria--p__Actinobacteria--c__Actinobacteria--o__Propionibacteriales--f__Propionibacteriaceae--g__Cutibacterium--__",0.0868226175561925,0.400635580716141,0.0993864246328701,0.227664641397671,0.484581339527812,0.198189428660477,0.986334534807586,0.242586449998803
"d__Bacteria--p__Firmicutes--c__Clostridia--o__Clostridiales--f__Lachnospiraceae--g__Lachnospira",0.969735246986732,0.453341263013759,0.794124519180109,0.283349992967951,0.838513950196931,0.360649267150569,0.825589751143046,0.755840804200935
"d__Bacteria--p__Firmicutes--c__Clostridia--o__Clostridiales--f__Lachnospiraceae--g__Lachnospira--__",0.969735246986732,0.453341263013759,0.794124519180109,0.283349992967951,0.838513950196931,0.360649267150569,0.825589751143046,0.755840804200935
"d__Bacteria--p__Actinobacteria--c__Coriobacteriia--o__Coriobacteriales--f__Eggerthellaceae--g__Eggerthella--__",0.914040582125117,0.708641560793581,0.971127601679725,0.654375055031821,0.833461875835562,0.916599477056328,0.874176052693373,0.854689230332197
"d__Bacteria--p__Firmicutes--c__Clostridia--o__Clostridiales--f__Ruminococcaceae--g__Ruminococcus_2",0.467079013216821,0.235314400417789,0.351073227034534,0.163647755647211,0.620697961854447,0.336364911357077,0.39142390572087,0.169622726295178
"d__Bacteria--p__Firmicutes--c__Clostridia--o__Clostridiales--f__Ruminococcaceae--g__Ruminococcus_2--__",0.467079013216821,0.235314400417789,0.351073227034534,0.163647755647211,0.620697961854447,0.336364911357077,0.39142390572087,0.169622726295178
"d__Bacteria--p__Firmicutes--c__Erysipelotrichia--o__Erysipelotrichales--f__Erysipelotrichaceae--g__Clostridium_innocuum_group",0.691367148623955,0.440887797369289,0.731802204398477,0.416290232869971,0.883121021062868,0.465349913331993,0.9473249876977,0.594268559115944
"d__Bacteria--p__Firmicutes--c__Erysipelotrichia--o__Erysipelotrichales--f__Erysipelotrichaceae--g__Clostridium_innocuum_group--__",0.691367148623955,0.440887797369289,0.731802204398477,0.416290232869971,0.883121021062868,0.465349913331993,0.9473249876977,0.594268559115944
"d__Bacteria--p__Firmicutes--c__Clostridia--o__Clostridiales--f__Ruminococcaceae--g__Negativibacillus--__",0.638661883783999,0.962234023584782,0.63427555103095,0.883808466079469,0.643925979689929,0.982351227531161,0.947891429426506,0.830720302947141
"d__Bacteria--p__Firmicutes--c__Clostridia--o__Clostridiales--f__Family_XIII",0.0162517727313996,0.392784334262582,0.0129516324432549,0.462059581790655,0.0529956417242107,0.887081396547704,0.0594442058681966,0.831809912982026
"d__Bacteria--p__Actinobacteria--c__Actinobacteria--o__Corynebacteriales",0.533119100430076,0.295877857818655,0.634337795027142,0.35082216717489,0.689559993030962,0.313900726665067,0.748537618868115,0.238485376588376
"d__Bacteria--p__Firmicutes--c__Clostridia--o__Clostridiales--f__Ruminococcaceae--g__Ruminococcaceae_UCG-004",0.648856002011521,0.49585261231628,0.560773920198734,0.713959257236982,0.775056691488098,0.815434225418275,0.799259861263883,0.811402347317333
"d__Bacteria--p__Proteobacteria--__",0.555013074212386,0.788861607066026,0.573990242854785,0.787762557006989,0.708443521183283,0.695069674542493,0.646314073192548,0.490996487538133
"d__Bacteria--p__Proteobacteria--__--__",0.555013074212386,0.788861607066026,0.573990242854785,0.787762557006989,0.708443521183283,0.695069674542493,0.646314073192548,0.490996487538133
"d__Bacteria--p__Proteobacteria--__--__--__",0.555013074212386,0.788861607066026,0.573990242854785,0.787762557006989,0.708443521183283,0.695069674542493,0.646314073192548,0.490996487538133
"d__Bacteria--p__Proteobacteria--__--__--__--__",0.555013074212386,0.788861607066026,0.573990242854785,0.787762557006989,0.708443521183283,0.695069674542493,0.646314073192548,0.490996487538133
"d__Bacteria--p__Proteobacteria--__--__--__--__--__",0.555013074212386,0.788861607066026,0.573990242854785,0.787762557006989,0.708443521183283,0.695069674542493,0.646314073192548,0.490996487538133
"d__Bacteria--p__Cyanobacteria",0.676884601185918,0.272009941338825,0.626140427154082,0.25419762546369,0.679571511665664,0.30383734972776,0.481918255821602,0.271052273723646
"d__Bacteria--p__Bacteroidetes--c__Bacteroidia--o__Bacteroidales--f__Prevotellaceae--g__Paraprevotella--__",0.358550065835662,0.185995687398267,0.325497614319775,0.171441017622811,0.603357065582396,0.318217550339269,0.80966060632893,0.542198480600866
"d__Bacteria--p__Proteobacteria--c__Alphaproteobacteria--o__Rhizobiales--f__Beijerinckiaceae",0.508258734922636,0.520953656169069,0.376564004342978,0.467023513629443,0.389536585587788,0.605111870074185,0.424693673072402,0.746469171107073
"d__Bacteria--p__Firmicutes--c__Clostridia--o__Clostridiales--f__Ruminococcaceae--g__Ruminococcaceae_UCG-004--s__uncultured_bacterium",0.676770631503763,0.55627665073732,0.544080076931783,0.83401329456603,0.797571766597674,0.840424338663444,0.856897541158608,0.819941753977404
"d__Bacteria--p__Proteobacteria--c__Alphaproteobacteria--o__Rhizobiales--f__Beijerinckiaceae--g__Methylobacterium",0.532397191089864,0.533599427887928,0.396908794280567,0.452875813528388,0.410707959520356,0.805658287155822,0.440927927707757,0.928559008513109
"d__Bacteria--p__Proteobacteria--c__Alphaproteobacteria--o__Rhizobiales--f__Beijerinckiaceae--g__Methylobacterium--__",0.532397191089864,0.533599427887928,0.396908794280567,0.452875813528388,0.410707959520356,0.805658287155822,0.440927927707757,0.928559008513109
"d__Bacteria--p__Proteobacteria--c__Gammaproteobacteria--o__Betaproteobacteriales--f__Burkholderiaceae--__",0.067761562356263,0.297536964560611,0.0974631336080936,0.189709015815373,0.127715521907886,0.491331590117413,0.233386388383114,0.515458892382683
"d__Bacteria--p__Proteobacteria--c__Gammaproteobacteria--o__Betaproteobacteriales--f__Burkholderiaceae--__--__",0.067761562356263,0.297536964560611,0.0974631336080936,0.189709015815373,0.127715521907886,0.491331590117413,0.233386388383114,0.515458892382683
"d__Bacteria--p__Firmicutes--c__Clostridia--o__Clostridiales--f__Ruminococcaceae--g__Ruminococcaceae_UCG-003",0.427282209425362,0.930096330912284,0.80083219135813,0.888721328374375,0.76514132503225,0.748549551471813,0.743874659987337,0.987405663680395
"d__Bacteria--p__Firmicutes--c__Clostridia--o__Clostridiales--f__Ruminococcaceae--g__Ruminococcaceae_UCG-003--__",0.427282209425362,0.930096330912284,0.80083219135813,0.888721328374375,0.76514132503225,0.748549551471813,0.743874659987337,0.987405663680395
"d__Bacteria--p__Proteobacteria--c__Alphaproteobacteria--o__Rhodospirillales",0.640341449489219,0.947202937516702,0.424193912079521,0.74783334205205,0.690872482070355,0.956649344405836,0.492058595316339,0.890106331258689
"d__Bacteria--p__Proteobacteria--c__Alphaproteobacteria--o__Rhodospirillales--f__uncultured",0.640341449489219,0.947202937516702,0.424193912079521,0.74783334205205,0.690872482070355,0.956649344405836,0.492058595316339,0.890106331258689
"d__Bacteria--p__Firmicutes--c__Clostridia--o__Clostridiales--f__Ruminococcaceae--g__Eubacterium_coprostanoligenes_group",0.030657316015936,0.0375112682552755,0.0370960792112357,0.0412757771210421,0.109471143351156,0.0827556858701777,0.089529281936319,0.0538534603080964
"d__Bacteria--p__Firmicutes--c__Clostridia--o__Clostridiales--f__Lachnospiraceae--g__Sellimonas--__",0.575167351624228,0.505787221068271,0.862356140119427,0.611515454798127,0.777452990575332,0.505779760327947,0.527763212849574,0.309056306353419
"d__Bacteria--p__Actinobacteria--c__Coriobacteriia--o__Coriobacteriales--f__Eggerthellaceae--__",0.494845866200989,0.590681685158612,0.574934024276574,0.585773436877731,0.709419218619253,0.492507427039867,0.509348803921089,0.336023656569966
"d__Bacteria--p__Actinobacteria--c__Coriobacteriia--o__Coriobacteriales--f__Eggerthellaceae--__--__",0.494845866200989,0.590681685158612,0.574934024276574,0.585773436877731,0.709419218619253,0.492507427039867,0.509348803921089,0.336023656569966
"d__Bacteria--p__Cyanobacteria--c__Melainabacteria",0.678995557648909,0.222867575292546,0.630363935784912,0.181498564162066,0.70181708525791,0.236295303191477,0.514721825583571,0.234784590616578
"d__Bacteria--p__Bacteroidetes--c__Bacteroidia--o__Flavobacteriales",0.445014898043137,0.360282747225056,0.43767045596163,0.43071006921516,0.416488938395398,0.305305479991446,0.560662016104303,0.577767123471725
"d__Bacteria--p__Firmicutes--c__Clostridia--o__Clostridiales--f__Ruminococcaceae--g__Ruminococcaceae_UCG-014",0.241371546822954,0.531450641546919,0.290992345469183,0.6352032325268,0.506739732913408,0.760673588729897,0.591573986340557,0.932651128461035
"d__Bacteria--p__Firmicutes--c__Clostridia--o__Clostridiales--f__Ruminococcaceae--g__DTU089",0.34201877368993,0.570006743319061,0.396827415039288,0.636013662498498,0.759190656019652,0.977237064379042,0.921083916838572,0.794610440003111
"d__Bacteria--p__Firmicutes--c__Clostridia--o__Clostridiales--f__Ruminococcaceae--g__DTU089--__",0.34201877368993,0.565864027023688,0.396827415039288,0.627329184406723,0.759190656019652,0.963296613105788,0.921083916838572,0.812583442463323
"d__Bacteria--p__Firmicutes--c__Clostridia--o__Clostridiales--f__Ruminococcaceae--g__Ruminococcaceae_UCG-014--__",0.243313636643445,0.384166822820313,0.302829408099772,0.458673729816225,0.527106778177227,0.604381948322276,0.614849618982806,0.745200924898977
"d__Bacteria--p__Firmicutes--c__Negativicutes--o__Selenomonadales--f__Veillonellaceae--g__Veillonella--s__Veillonella_atypica",0.993059764925697,0.895906531339882,0.930165944053458,0.991877761082066,0.53416931635862,0.528423791602655,0.385894881183219,0.44066929724747
"d__Bacteria--p__Bacteroidetes--c__Bacteroidia--o__Bacteroidales--f__Barnesiellaceae--g__Coprobacter",0.0278825193287334,0.0564195409025641,0.0396331328209966,0.0893211682002526,0.0191500306382152,0.0425329867253503,0.0422824861261232,0.078516345357817
"d__Bacteria--p__Bacteroidetes--c__Bacteroidia--o__Bacteroidales--f__Marinifilaceae--g__Odoribacter--s__gut_metagenome",0.881457552274277,0.354478782342271,0.754223838194945,0.364527696974245,0.521119351528583,0.281052974150952,0.220337446731349,0.091954349484695
"d__Bacteria--p__Bacteroidetes--c__Bacteroidia--o__Bacteroidales--f__Marinifilaceae--g__Butyricimonas",0.0677566648328838,0.0739289287310079,0.111898453245979,0.124927321313009,0.100839612119731,0.175943846557514,0.220599842846036,0.271851705344976
"d__Bacteria--p__Firmicutes--c__Negativicutes--o__Selenomonadales--f__Veillonellaceae--g__uncultured",0.0738073410078418,0.32892418083183,0.0771764596923209,0.357684170009839,0.0263276678426744,0.146979948882652,0.0058799277503203,0.0774814358972708
"d__Bacteria--p__Firmicutes--c__Negativicutes--o__Selenomonadales--f__Veillonellaceae--g__uncultured--s__uncultured_organism",0.0738073410078418,0.327084752124434,0.0771764596923209,0.354824449877267,0.0263276678426744,0.14557058697675,0.0058799277503203,0.0771331129414577
"d__Bacteria--p__Bacteroidetes--c__Bacteroidia--o__Bacteroidales--f__Porphyromonadaceae",0.409072295803021,0.535358560346225,0.62600093907419,0.72063336516036,0.941255240901123,0.898112981796371,0.808209000655113,0.781030626651319
"d__Bacteria--p__Bacteroidetes--c__Bacteroidia--o__Bacteroidales--f__Porphyromonadaceae--g__Porphyromonas",0.409072295803021,0.535358560346225,0.62600093907419,0.72063336516036,0.941255240901123,0.898112981796371,0.808209000655113,0.781030626651319
"d__Bacteria--p__Actinobacteria--c__Coriobacteriia--o__Coriobacteriales--f__Eggerthellaceae--g__Eggerthella--s__uncultured_bacterium",0.713588585033998,0.295032306256228,0.528530972147144,0.162695186780122,0.516193532801183,0.221868777679385,0.481852348515001,0.69263526988183
"d__Bacteria--p__Firmicutes--c__Erysipelotrichia--o__Erysipelotrichales--f__Erysipelotrichaceae--g__Faecalitalea",0.155900840179036,0.198152167068816,0.228585299339494,0.329588842737068,0.441861322859069,0.55439521077948,0.38406417520345,0.556939397010554
"d__Bacteria--p__Bacteroidetes--c__Bacteroidia--o__Bacteroidales--f__Marinifilaceae--g__Butyricimonas--__",0.219655395419871,0.088547463806137,0.292520188366581,0.141883512162413,0.207586083669667,0.190791237608935,0.396799082291342,0.288239009049533
"d__Bacteria--p__Actinobacteria--c__Coriobacteriia--o__Coriobacteriales--f__Eggerthellaceae--g__Slackia--__",0.735323693095481,0.275577463858587,0.838149610764197,0.279792686714161,0.501927432106659,0.349845559761203,0.25481490858305,0.646458714431207
"d__Bacteria--p__Firmicutes--c__Clostridia--o__Clostridiales--f__Peptococcaceae",0.978782519026417,0.446695803801795,0.809936376760485,0.309953005668229,0.508026210634556,0.292064486316664,0.307106648390268,0.178719057018156
"d__Bacteria--p__Firmicutes--c__Clostridia--o__Clostridiales--f__Christensenellaceae--g__Christensenellaceae_R-7_group--s__uncultured_prokaryote",0.0431208802612436,0.0674016939491868,0.0531316453320121,0.0596392086366822,0.0913646878548905,0.085571010526288,0.116351538779662,0.118270388666353
"d__Bacteria--p__Actinobacteria--c__Coriobacteriia--o__Coriobacteriales--f__Atopobiaceae",0.607850008331973,0.252492914032542,0.54027939231801,0.24400310865504,0.752371093492326,0.461241867576115,0.771966343803638,0.686440512431256
"d__Bacteria--p__Patescibacteria",0.84980923881878,0.677876628764033,0.922504755711432,0.564456214028116,0.912452777426075,0.412559035352745,0.597055379424854,0.282537444933186
"d__Bacteria--p__Patescibacteria--c__Saccharimonadia",0.97053436206014,0.646184911132369,0.994472335731732,0.536194252943771,0.791554945734108,0.381435099551966,0.53621821940095,0.25424537640344
"d__Bacteria--p__Patescibacteria--c__Saccharimonadia--o__Saccharimonadales",0.97053436206014,0.646184911132369,0.994472335731732,0.536194252943771,0.791554945734108,0.381435099551966,0.53621821940095,0.25424537640344
"d__Bacteria--p__Proteobacteria--c__Alphaproteobacteria--o__Acetobacterales",0.96928105709787,0.502292169529338,0.926940660206014,0.605144898138957,0.753643045406176,0.545081431889371,0.639682070850542,0.447920368358699
"d__Bacteria--p__Proteobacteria--c__Alphaproteobacteria--o__Acetobacterales--f__Acetobacteraceae",0.96928105709787,0.502292169529338,0.926940660206014,0.605144898138957,0.753643045406176,0.545081431889371,0.639682070850542,0.447920368358699
"d__Bacteria--p__Firmicutes--c__Erysipelotrichia--o__Erysipelotrichales--f__Erysipelotrichaceae--g__Candidatus_Stoquefichus",0.810461550678744,0.527442448512333,0.89843232865503,0.657105138861626,0.641802352016723,0.470942208512811,0.635461206649719,0.480258521205064
"d__Bacteria--p__Actinobacteria--c__Coriobacteriia--o__Coriobacteriales--f__Eggerthellaceae--g__Adlercreutzia",0.990740094411598,0.724075791558608,0.815428407939392,0.53756461408205,0.569243022678062,0.335666640052667,0.392452920719023,0.233407247846877
"d__Bacteria--p__Actinobacteria--c__Coriobacteriia--o__Coriobacteriales--f__Eggerthellaceae--g__Adlercreutzia--s__uncultured_bacterium",0.990740094411598,0.724075791558608,0.815428407939392,0.53756461408205,0.569243022678062,0.335666640052667,0.392452920719023,0.233407247846877
"d__Bacteria--p__Firmicutes--c__Clostridia--o__Clostridiales--f__Ruminococcaceae--g__Ruminococcus_1",0.857758544335537,0.765106940967769,0.767131298632668,0.656653399033879,0.873716309333865,0.830286982327789,0.60622409183567,0.573768894716728
"d__Bacteria--p__Firmicutes--c__Erysipelotrichia--o__Erysipelotrichales--f__Erysipelotrichaceae--g__Candidatus_Stoquefichus--__",0.799707845899716,0.508177913219839,0.882242065503636,0.632562157038306,0.627209261659669,0.455998085261692,0.62818526923406,0.456952432181613
"d__Bacteria--p__Actinobacteria--c__Actinobacteria--__",0.12942775846372,0.589173322217906,0.135759668385069,0.673514431986083,0.185604521182587,0.839879324079394,0.120541366140775,0.759172170521958
"d__Bacteria--p__Actinobacteria--c__Actinobacteria--__--__",0.12942775846372,0.589173322217906,0.135759668385069,0.673514431986083,0.185604521182587,0.839879324079394,0.120541366140775,0.759172170521958
"d__Bacteria--p__Actinobacteria--c__Actinobacteria--__--__--__",0.12942775846372,0.589173322217906,0.135759668385069,0.673514431986083,0.185604521182587,0.839879324079394,0.120541366140775,0.759172170521958
"d__Bacteria--p__Actinobacteria--c__Actinobacteria--__--__--__--__",0.12942775846372,0.589173322217906,0.135759668385069,0.673514431986083,0.185604521182587,0.839879324079394,0.120541366140775,0.759172170521958
"d__Bacteria--p__Firmicutes--c__Clostridia--o__Clostridiales--f__Ruminococcaceae--g__Anaerotruncus",0.329772454249064,0.842513781511789,0.34873243655275,0.969943722096746,0.437605764918204,0.834159442354624,0.292291120368911,0.611115087132954
"d__Bacteria--p__Firmicutes--c__Clostridia--o__Clostridiales--f__Ruminococcaceae--g__Ruminococcaceae_UCG-013",0.96418773648186,0.781165070154816,0.941513103441951,0.766262472908264,0.780528569533439,0.958977445982375,0.979608640014857,0.987005224624522
"d__Bacteria--p__Actinobacteria--c__Actinobacteria--o__Corynebacteriales--f__Nocardiaceae",0.950918254493703,0.383761180553466,0.880847677913279,0.406646755512137,0.780566673070989,0.393116853782921,0.745681441537426,0.347268498050064
"d__Bacteria--p__Firmicutes--c__Clostridia--o__Clostridiales--f__Ruminococcaceae--g__Ruminococcus_1--__",0.704890762321241,0.730755643332705,0.642705587907069,0.640156652826813,0.686150856045837,0.826830219367388,0.444606916126341,0.565502779566365
"d__Bacteria--p__Actinobacteria--c__Coriobacteriia--o__Coriobacteriales--f__Atopobiaceae--g__Atopobium",0.737137174163938,0.663902072357474,0.640697955998409,0.58460576200989,0.878303614560359,0.945808144853022,0.850483379499636,0.668774634244838
"d__Bacteria--p__Actinobacteria--c__Coriobacteriia--o__Coriobacteriales--f__Atopobiaceae--g__Atopobium--__",0.737137174163938,0.663902072357474,0.640697955998409,0.58460576200989,0.878303614560359,0.945808144853022,0.850483379499636,0.668774634244838
"d__Bacteria--p__Firmicutes--c__Clostridia--o__Clostridiales--f__Ruminococcaceae--g__uncultured",0.502889827303056,0.315740700402332,0.590974253138562,0.175302492022451,0.777916504781036,0.235689688618022,0.952386587189232,0.602027997290888
"d__Bacteria--p__Firmicutes--c__Clostridia--o__Clostridiales--f__Ruminococcaceae--g__Anaerotruncus--__",0.343500932986807,0.816820876808256,0.337010152496369,0.925216186539149,0.448299122600212,0.877413344086778,0.281032749164166,0.655970401742495
"d__Bacteria--p__Patescibacteria--c__Saccharimonadia--o__Saccharimonadales--f__Saccharimonadaceae",0.715833007355352,0.793339233309253,0.729857259096255,0.651734577434672,0.953724330589716,0.422468508627155,0.888251119008013,0.301565681020601
"d__Bacteria--p__Firmicutes--c__Clostridia--o__Clostridiales--f__Ruminococcaceae--g__Ruminiclostridium_5--__",0.153494676373247,0.263036594588328,0.14034420647948,0.297681487602892,0.340263577716335,0.664854011165545,0.202745127495364,0.293758741525327
"d__Bacteria--p__Firmicutes--c__Clostridia--o__Clostridiales--f__Ruminococcaceae--g__Ruminococcaceae_UCG-013--__",0.983314442969034,0.940007593406578,0.962823573485895,0.991858487469228,0.697512164236912,0.659838559345851,0.850317417650146,0.664800081541516
"d__Bacteria--p__Firmicutes--c__Clostridia--o__Clostridiales--f__Family_XIII--g__Eubacterium_nodatum_group",0.0148191769278661,0.289156261939797,0.0221139788505819,0.441807087041978,0.114895319415178,0.918887580184302,0.193627461568858,0.9437697725492
"d__Bacteria--p__Patescibacteria--c__Saccharimonadia--o__Saccharimonadales--f__Saccharimonadaceae--__",0.74367380608929,0.745593513061532,0.739221456497828,0.59858602275148,0.970637187892861,0.357802138928873,0.833477638049099,0.243232316837952
"d__Bacteria--p__Patescibacteria--c__Saccharimonadia--o__Saccharimonadales--f__Saccharimonadaceae--__--__",0.74367380608929,0.745593513061532,0.739221456497828,0.59858602275148,0.970637187892861,0.357802138928873,0.833477638049099,0.243232316837952
"d__Bacteria--p__Firmicutes--c__Negativicutes--o__Selenomonadales--f__Veillonellaceae--g__Allisonella",0.197397786046034,0.0449380305630723,0.156266348794234,0.0227414378508586,0.549259530282936,0.0951877410076872,0.710374810357535,0.216984657019363
"d__Bacteria--p__Firmicutes--c__Negativicutes--o__Selenomonadales--f__Veillonellaceae--g__Allisonella--s__uncultured_bacterium",0.197397786046034,0.0449380305630723,0.156266348794234,0.0227414378508586,0.549259530282936,0.0951877410076872,0.710374810357535,0.216984657019363
"d__Bacteria--p__Firmicutes--c__Erysipelotrichia--o__Erysipelotrichales--f__Erysipelotrichaceae--g__Faecalitalea--__",0.654096916049519,0.547711731658863,0.676986155592986,0.622526124445026,0.603883813587712,0.529213108285362,0.586725883789032,0.625960018403062
"d__Bacteria--p__Firmicutes--c__Erysipelotrichia--o__Erysipelotrichales--f__Erysipelotrichaceae--g__Holdemania",0.784386369189077,0.494342144692706,0.965354457640056,0.408565320752514,0.805564455365175,0.440178182229109,0.821198048801683,0.193712785826186
"d__Bacteria--p__Firmicutes--c__Clostridia--o__Clostridiales--f__Family_XIII--g__Family_XIII_AD3011_group",0.180834828465346,0.51953067743412,0.0915567117117367,0.605567869839744,0.192331572792629,0.35357050012086,0.121804703802736,0.472777140667248
"d__Bacteria--p__Firmicutes--c__Erysipelotrichia--o__Erysipelotrichales--f__Erysipelotrichaceae--g__Holdemania--s__uncultured_bacterium",0.885372704194186,0.233079618547791,0.93247124358236,0.136391540658389,0.905946581550676,0.211265862469316,0.914668829671849,0.18806323896165
"d__Bacteria--p__Firmicutes--c__Clostridia--o__Clostridiales--f__Peptococcaceae--g__Peptococcus",0.0435968362414956,0.070875652282358,0.0388727716969248,0.0567752916973751,0.0375105547143622,0.0642621330754055,0.0236141890152853,0.0451174547025988
"d__Bacteria--p__Firmicutes--c__Clostridia--o__Clostridiales--f__Ruminococcaceae--g__Eubacterium_coprostanoligenes_group--__",0.0407560311749631,0.104487364238882,0.0331558742266634,0.0807355986831104,0.262542944828543,0.237031901176433,0.195857151704164,0.106264950656448
"d__Bacteria--p__Firmicutes--c__Clostridia--o__Clostridiales--f__Ruminococcaceae--g__uncultured--s__human_gut_metagenome",0.690605291425974,0.854272571157849,0.892155303059635,0.869693338858433,0.785452982938852,0.870403077319318,0.815366302445182,0.990296013119531
"d__Bacteria--p__Firmicutes--c__Clostridia--o__Clostridiales--f__Family_XIII--__",0.131878405397861,0.204820911832824,0.119454094968072,0.180343488460547,0.177862869609575,0.243006910921521,0.154516551764755,0.234030905774103
"d__Bacteria--p__Firmicutes--c__Clostridia--o__Clostridiales--f__Family_XIII--__--__",0.131878405397861,0.204820911832824,0.119454094968072,0.180343488460547,0.177862869609575,0.243006910921521,0.154516551764755,0.234030905774103
"d__Bacteria--p__Firmicutes--c__Clostridia--o__Clostridiales--f__Family_XIII--g__Family_XIII_AD3011_group--__",0.753744840964368,0.187095167323983,0.712404034213826,0.192576154327773,0.644723195147285,0.12140551462604,0.672374251707258,0.0728603294996094
"d__Bacteria--p__Cyanobacteria--c__Melainabacteria--o__Obscuribacterales",0.356747108870122,0.706627663530677,0.303754465765577,0.707997845757672,0.412736248889337,0.802431517178182,0.723209139526554,0.992000462011352
